"Text","Date","Time","Draft","Brand name","Instagram","Picture Url 1","Picture Url 2","Picture Url 3","Picture Url 4","Picture Url 5","Picture Url 6","Picture Url 7","Picture Url 8","Picture Url 9","Picture Url 10","Instagram Post Type"
"Günün kavramı: Yansıtıcı dinleme

Karşındakinin söylediğini kendi kelimelerinle tekrar ederek anladığını doğrulama.

‘Yani şu an en çok yetiştirememekten endişe ediyorsun, doğru mu?’ Bu cümle savunmayı azaltır ve karşındakinin kendini duyulmuş hissetmesini sağlar.

Kaydet, lazım olur.

Zeki Uyanık

#gününkavramı #iletişim #dinlemek #psikoloji #bilgi","2026-09-28","10:30:00","FALSE","","TRUE","https://iletisim-prog.github.io/gorseller/GUN_031_0830_kavram/gorsel_1.png","","","","","","","","","","POST"
"İndirimde almadan önce 5 soru

İndirimi görünce beynin ‘kazandım’ der. Önce şunları sor.

1. İhtiyacım var mıydı?
2. Eski fiyat gerçek miydi?
3. Toplam maliyet ne?
4. 24 saat bekleyebilir miyim?
5. Nereden karşılayacağım?

Kaydet, aklına gelen birine gönder.

Zeki Uyanık

#kişiselfinans #indirim #bilinçlitüketim #bütçe #kaydet","2026-09-28","12:30:00","FALSE","","TRUE","https://iletisim-prog.github.io/gorseller/GUN_031_1930_carousel/gorsel_1.png","https://iletisim-prog.github.io/gorseller/GUN_031_1930_carousel/gorsel_2.png","https://iletisim-prog.github.io/gorseller/GUN_031_1930_carousel/gorsel_3.png","https://iletisim-prog.github.io/gorseller/GUN_031_1930_carousel/gorsel_4.png","https://iletisim-prog.github.io/gorseller/GUN_031_1930_carousel/gorsel_5.png","https://iletisim-prog.github.io/gorseller/GUN_031_1930_carousel/gorsel_6.png","https://iletisim-prog.github.io/gorseller/GUN_031_1930_carousel/gorsel_7.png","","","","POST"
"Günün kavramı: Yeterince iyi

En iyi seçeneği aramak yerine, ölçütlerini karşılayan ilk seçeneği kabul etme yaklaşımı.

“En iyi telefon” için haftalarca inceleme yapmak yerine, üç şartı sağlayan ilk telefonu almak. Psikolog Herbert Simon buna “satisficing” dedi. Bu, vazgeçmek değil; zamanını korumaktır.

Kaydet, lazım olur.

Zeki Uyanık

#gününkavramı #kararverme #psikoloji #kişiselgelişim #bilgi","2026-09-28","14:30:00","FALSE","","TRUE","https://iletisim-prog.github.io/gorseller/GUN_032_0830_kavram/gorsel_1.png","","","","","","","","","","POST"
"“Hayır” demenin 5 nazik yolu

Herkese evet dersen, kendine hayır demiş olursun.

1. “Şu an kapasitem dolu.”
2. “Bunu düşünüp haber vereyim.”
3. “Bu konuda en iyi ben değilim, X’e sor.”
4. “Bunu yapabilirim ama şunu ertelemem gerekir.”
5. “Bu sefer olmaz.”

Kaydet, aklına gelen birine gönder.

Zeki Uyanık

#hayırdemek #sınırlar #kararverme #kişiselgelişim #kaydet","2026-09-28","16:30:00","FALSE","","TRUE","https://iletisim-prog.github.io/gorseller/GUN_032_1930_carousel/gorsel_1.png","https://iletisim-prog.github.io/gorseller/GUN_032_1930_carousel/gorsel_2.png","https://iletisim-prog.github.io/gorseller/GUN_032_1930_carousel/gorsel_3.png","https://iletisim-prog.github.io/gorseller/GUN_032_1930_carousel/gorsel_4.png","https://iletisim-prog.github.io/gorseller/GUN_032_1930_carousel/gorsel_5.png","https://iletisim-prog.github.io/gorseller/GUN_032_1930_carousel/gorsel_6.png","https://iletisim-prog.github.io/gorseller/GUN_032_1930_carousel/gorsel_7.png","","","","POST"
"Günün kavramı: Seyirci etkisi

Çevrede ne kadar çok kişi varsa, tek tek her birimizin harekete geçme ihtimali o kadar azalır.

Grup e-postasında “biri cevap verir nasılsa” diye düşünen herkes cevap vermez. Sorumluluk dağılınca kimsenin olmaz. Çözüm: bir kişiyi doğrudan isimle görevlendir.

Kaydet, lazım olur.

Zeki Uyanık

#gününkavramı #davranışbilimi #psikoloji #işhayatı #bilgi","2026-09-28","18:00:00","FALSE","","TRUE","https://iletisim-prog.github.io/gorseller/GUN_033_0830_kavram/gorsel_1.png","","","","","","","","","","POST"
"Haftalık plan yapmanın 6 adımı

Pazar akşamı 15 dakika, hafta boyu rahatlık.

1. Geçen haftaya bak
2. Sabit randevuları işaretle
3. En önemli 3 işi seç
4. Her işe bir gün ver
5. Boşluk bırak
6. Bir küçük ödül planla

Kaydet, aklına gelen birine gönder.

Zeki Uyanık

#planlama #verimlilik #kişiselgelişim #haftalıkplan #kaydet","2026-09-28","21:30:00","FALSE","","TRUE","https://iletisim-prog.github.io/gorseller/GUN_033_1930_carousel/gorsel_1.png","https://iletisim-prog.github.io/gorseller/GUN_033_1930_carousel/gorsel_2.png","https://iletisim-prog.github.io/gorseller/GUN_033_1930_carousel/gorsel_3.png","https://iletisim-prog.github.io/gorseller/GUN_033_1930_carousel/gorsel_4.png","https://iletisim-prog.github.io/gorseller/GUN_033_1930_carousel/gorsel_5.png","https://iletisim-prog.github.io/gorseller/GUN_033_1930_carousel/gorsel_6.png","https://iletisim-prog.github.io/gorseller/GUN_033_1930_carousel/gorsel_7.png","https://iletisim-prog.github.io/gorseller/GUN_033_1930_carousel/gorsel_8.png","","","POST"
"Günün kavramı: Karşılıklılık

Bize bir şey verene, karşılığını verme ihtiyacı hissederiz.

Marketteki ücretsiz tadım, ücretsiz numune, “hediye” kalem. Küçük bir jest, satın alma ihtimalini artırabilir. İyi haber: Aynı ilke iyilikte de işler.

Kaydet, lazım olur.

Zeki Uyanık

#gününkavramı #davranışbilimi #psikoloji #pazarlama #bilgi","2026-09-29","10:30:00","FALSE","","TRUE","https://iletisim-prog.github.io/gorseller/GUN_034_0830_kavram/gorsel_1.png","","","","","","","","","","POST"
"Market rafları seni nasıl yönlendirir?

Raf düzeni tesadüf değil.

1. Temel ürünler en arkada
2. Göz hizası pahalıdır
3. Kasa önünde küçük ürünler
4. Büyük arabalar
5. Savunma

Kaydet, aklına gelen birine gönder.

Zeki Uyanık

#tüketici #pazarlama #alışveriş #davranışbilimi #kaydet","2026-09-29","12:30:00","FALSE","","TRUE","https://iletisim-prog.github.io/gorseller/GUN_034_1930_carousel/gorsel_1.png","https://iletisim-prog.github.io/gorseller/GUN_034_1930_carousel/gorsel_2.png","https://iletisim-prog.github.io/gorseller/GUN_034_1930_carousel/gorsel_3.png","https://iletisim-prog.github.io/gorseller/GUN_034_1930_carousel/gorsel_4.png","https://iletisim-prog.github.io/gorseller/GUN_034_1930_carousel/gorsel_5.png","https://iletisim-prog.github.io/gorseller/GUN_034_1930_carousel/gorsel_6.png","https://iletisim-prog.github.io/gorseller/GUN_034_1930_carousel/gorsel_7.png","","","","POST"
"Günün kavramı: Otorite yanlılığı

Bir otorite figürünün söylediğine, doğruluğunu sorgulamadan daha fazla güveniriz.

“Uzmanlar diyor ki…” cümlesiyle başlayan bir reklam, kanıttan çok unvana güvenmemizi ister. Soru: Uzman kim, hangi konuda uzman ve kanıtı ne?

Kaydet, lazım olur.

Zeki Uyanık

#gününkavramı #davranışbilimi #psikoloji #eleştirelDüşünme #bilgi","2026-09-29","14:30:00","FALSE","","TRUE","https://iletisim-prog.github.io/gorseller/GUN_035_0830_kavram/gorsel_1.png","","","","","","","","","","POST"
"Bu haftanın 5 kavramı

Kaydet, bir hafta sonra tekrar oku.

1. Dikkat körlüğü
2. Fırsatı kaçırma korkusu
3. Yeterince iyi
4. Seyirci etkisi
5. Karşılıklılık

Kaydet, aklına gelen birine gönder.

Zeki Uyanık

#haftanın5i #gününkavramı #davranışbilimi #kişiselgelişim #kaydet","2026-09-29","16:30:00","FALSE","","TRUE","https://iletisim-prog.github.io/gorseller/GUN_035_1930_carousel/gorsel_1.png","https://iletisim-prog.github.io/gorseller/GUN_035_1930_carousel/gorsel_2.png","https://iletisim-prog.github.io/gorseller/GUN_035_1930_carousel/gorsel_3.png","https://iletisim-prog.github.io/gorseller/GUN_035_1930_carousel/gorsel_4.png","https://iletisim-prog.github.io/gorseller/GUN_035_1930_carousel/gorsel_5.png","https://iletisim-prog.github.io/gorseller/GUN_035_1930_carousel/gorsel_6.png","https://iletisim-prog.github.io/gorseller/GUN_035_1930_carousel/gorsel_7.png","","","","POST"
"Günün kavramı: Frekans yanılsaması

Yeni öğrendiğin bir şeyi, aniden her yerde görmeye başlama hissi.

Bir marka adını ilk kez duyduktan sonra her yerde onu görürsün. Aslında sayı artmadı; beynin artık onu fark ediyor. Dikkat, algıyı yönlendirir. Buna Baader-Meinhof etkisi de denir.

Kaydet, lazım olur.

Zeki Uyanık

#gününkavramı #algı #psikoloji #dikkat #bilgi","2026-09-29","18:00:00","FALSE","","TRUE","https://iletisim-prog.github.io/gorseller/GUN_036_0830_kavram/gorsel_1.png","","","","","","","","","","POST"
"Neden kötü haberler daha çok yayılır?

Zihnin kötüye daha çok dikkat eder.

1. Olumsuzluk yanlılığı
2. Bir eleştiri, on övgüyü gölgeler
3. Haber neden kötü?
4. Bu bir zayıflık değil, savunma refleksi
5. Ne yapmalı?

Kaydet, aklına gelen birine gönder.

Zeki Uyanık

#psikoloji #davranışbilimi #haberler #kişiselgelişim #kaydet","2026-09-29","21:30:00","FALSE","","TRUE","https://iletisim-prog.github.io/gorseller/GUN_036_1930_carousel/gorsel_1.png","https://iletisim-prog.github.io/gorseller/GUN_036_1930_carousel/gorsel_2.png","https://iletisim-prog.github.io/gorseller/GUN_036_1930_carousel/gorsel_3.png","https://iletisim-prog.github.io/gorseller/GUN_036_1930_carousel/gorsel_4.png","https://iletisim-prog.github.io/gorseller/GUN_036_1930_carousel/gorsel_5.png","https://iletisim-prog.github.io/gorseller/GUN_036_1930_carousel/gorsel_6.png","https://iletisim-prog.github.io/gorseller/GUN_036_1930_carousel/gorsel_7.png","","","","POST"
"Günün kavramı: Tutarlılık ilkesi

Bir kez bir şeyi kabul ettikten ya da söyledikten sonra, ona uygun davranmaya devam ederiz.

Küçük bir isteğe evet diyen kişi, sonraki daha büyük isteğe de evet demeye daha yatkındır. Bu yüzden ilk “evet”i verirken dikkatli ol.

Kaydet, lazım olur.

Zeki Uyanık

#gününkavramı #davranışbilimi #psikoloji #ikna #bilgi","2026-09-30","10:30:00","FALSE","","TRUE","https://iletisim-prog.github.io/gorseller/GUN_037_0830_kavram/gorsel_1.png","","","","","","","","","","POST"
"Toplantıda fikrini duyurmanın 5 yolu

Sessiz kalırsan, fikrin de sessiz kalır.

1. İlk 5 dakikada bir şey söyle
2. Fikrini bir cümleye sığdır
3. Önce sorun, sonra çözüm
4. Söylenenin üstüne ekle
5. Toplantıdan sonra yaz

Kaydet, aklına gelen birine gönder.

Zeki Uyanık

#işhayatı #iletişim #kariyer #toplantı #kaydet","2026-09-30","12:30:00","FALSE","","TRUE","https://iletisim-prog.github.io/gorseller/GUN_037_1930_carousel/gorsel_1.png","https://iletisim-prog.github.io/gorseller/GUN_037_1930_carousel/gorsel_2.png","https://iletisim-prog.github.io/gorseller/GUN_037_1930_carousel/gorsel_3.png","https://iletisim-prog.github.io/gorseller/GUN_037_1930_carousel/gorsel_4.png","https://iletisim-prog.github.io/gorseller/GUN_037_1930_carousel/gorsel_5.png","https://iletisim-prog.github.io/gorseller/GUN_037_1930_carousel/gorsel_6.png","https://iletisim-prog.github.io/gorseller/GUN_037_1930_carousel/gorsel_7.png","","","","POST"
"Günün kavramı: Beğenme etkisi

Sevdiğimiz, kendimize benzettiğimiz kişilerin isteklerine daha kolay evet deriz.

Satışçı aynı memleketten olduğunuzu öğrenince ortam yumuşar. Benzerlik güven yaratır. Ama güven, ürünün iyi olduğunu kanıtlamaz.

Kaydet, lazım olur.

Zeki Uyanık

#gününkavramı #davranışbilimi #psikoloji #satış #bilgi","2026-09-30","14:30:00","FALSE","","TRUE","https://iletisim-prog.github.io/gorseller/GUN_038_0830_kavram/gorsel_1.png","","","","","","","","","","POST"
"Neden biriktiremiyoruz? 5 sebep

Sorun çoğu zaman gelir değil, düzen.

1. Şimdiki yanlılık
2. Mental hesap
3. Önce harca, kalanı biriktir
4. Otomatik olmaması
5. Hedefsizlik

Kaydet, aklına gelen birine gönder.

Zeki Uyanık

#kişiselfinans #birikim #tasarruf #paraynetimi #kaydet","2026-09-30","16:30:00","FALSE","","TRUE","https://iletisim-prog.github.io/gorseller/GUN_038_1930_carousel/gorsel_1.png","https://iletisim-prog.github.io/gorseller/GUN_038_1930_carousel/gorsel_2.png","https://iletisim-prog.github.io/gorseller/GUN_038_1930_carousel/gorsel_3.png","https://iletisim-prog.github.io/gorseller/GUN_038_1930_carousel/gorsel_4.png","https://iletisim-prog.github.io/gorseller/GUN_038_1930_carousel/gorsel_5.png","https://iletisim-prog.github.io/gorseller/GUN_038_1930_carousel/gorsel_6.png","https://iletisim-prog.github.io/gorseller/GUN_038_1930_carousel/gorsel_7.png","","","","POST"
"Günün kavramı: Mental hesap

Parayı kaynağına ya da amacına göre ayrı hesaplarda tutuyormuş gibi düşünmek.

Ekstra gelen 5.000 TL’yi “bedava para” sayıp harcamak; maaştan çıkan 5.000 TL’yi ise düşünerek harcamak. Oysa ikisi de aynı 5.000 TL. Ekonomist Richard Thaler bu davranışı tanımladı.

Kaydet, lazım olur.

Zeki Uyanık

#gününkavramı #paradüşüncesi #davranışekonomisi #kişiselfinans #bilgi","2026-09-30","18:00:00","FALSE","","TRUE","https://iletisim-prog.github.io/gorseller/GUN_039_0830_kavram/gorsel_1.png","","","","","","","","","","POST"
"İki seçenek arasında kalınca 5 yöntem

Karar vermek için önce ne istediğini duymak gerek.

1. Yazı-tura testi
2. Arkadaşına ne derdin?
3. Ölçütleri yaz ve puanla
4. Küçük bir deneme yap
5. Bir son tarih koy

Kaydet, aklına gelen birine gönder.

Zeki Uyanık

#kararverme #zihin #kişiselgelişim #seçim #kaydet","2026-09-30","21:30:00","FALSE","","TRUE","https://iletisim-prog.github.io/gorseller/GUN_039_1930_carousel/gorsel_1.png","https://iletisim-prog.github.io/gorseller/GUN_039_1930_carousel/gorsel_2.png","https://iletisim-prog.github.io/gorseller/GUN_039_1930_carousel/gorsel_3.png","https://iletisim-prog.github.io/gorseller/GUN_039_1930_carousel/gorsel_4.png","https://iletisim-prog.github.io/gorseller/GUN_039_1930_carousel/gorsel_5.png","https://iletisim-prog.github.io/gorseller/GUN_039_1930_carousel/gorsel_6.png","https://iletisim-prog.github.io/gorseller/GUN_039_1930_carousel/gorsel_7.png","","","","POST"
"Günün kavramı: Mülkiyet etkisi

Sahip olduğumuz şeye, sahip olmadığımızdan daha fazla değer biçeriz.

Kendi arabanı satarken 300.000 TL istiyorsun; aynı arabayı alırken 260.000 TL veriyorsun. Araba aynı, sahiplik farklı. Bu yüzden ikinci el pazarlıkları bu kadar zor.

Kaydet, lazım olur.

Zeki Uyanık

#gününkavramı #davranışekonomisi #paradüşüncesi #psikoloji #bilgi","2026-10-01","10:30:00","FALSE","","TRUE","https://iletisim-prog.github.io/gorseller/GUN_040_0830_kavram/gorsel_1.png","","","","","","","","","","POST"
"Haftalık gözden geçirme: 5 soru

Cuma günü 15 dakika, önümüzdeki haftayı kurtarır.

1. Neyi bitirdim?
2. Neyi ertelemişim?
3. En çok enerjimi ne aldı?
4. Ne öğrendim?
5. Gelecek hafta en önemli iş ne?

Kaydet, aklına gelen birine gönder.

Zeki Uyanık

#haftalıkgözdengeçirme #verimlilik #kişiselgelişim #planlama #kaydet","2026-10-01","12:30:00","FALSE","","TRUE","https://iletisim-prog.github.io/gorseller/GUN_040_1930_carousel/gorsel_1.png","https://iletisim-prog.github.io/gorseller/GUN_040_1930_carousel/gorsel_2.png","https://iletisim-prog.github.io/gorseller/GUN_040_1930_carousel/gorsel_3.png","https://iletisim-prog.github.io/gorseller/GUN_040_1930_carousel/gorsel_4.png","https://iletisim-prog.github.io/gorseller/GUN_040_1930_carousel/gorsel_5.png","https://iletisim-prog.github.io/gorseller/GUN_040_1930_carousel/gorsel_6.png","https://iletisim-prog.github.io/gorseller/GUN_040_1930_carousel/gorsel_7.png","","","","POST"
"Günün kavramı: Akıcılık yanılsaması

Bir bilgiyi kolay okuyunca, onu bildiğini sanma.

Ders notunu üç kez okudun, gözünde her şey tanıdık. Ama kapatıp anlatmaya çalışınca boşluklar çıkıyor. Tanıdık olmak, bilmek demek değildir.

Kaydet, lazım olur.

Zeki Uyanık

#gününkavramı #öğrenme #psikoloji #hafıza #bilgi","2026-10-01","14:30:00","FALSE","","TRUE","https://iletisim-prog.github.io/gorseller/GUN_041_0830_kavram/gorsel_1.png","","","","","","","","","","POST"
"Pahalı olan neden daha iyi gelir?

Fiyat, deneyimi de etkileyebilir.

1. Fiyat bir sinyaldir
2. Beklenti deneyimi boyar
3. Bunun sınırı var
4. Markalar bunu bilir
5. Kendine sor

Kaydet, aklına gelen birine gönder.

Zeki Uyanık

#tüketici #fiyatpsikolojisi #pazarlama #davranışbilimi #kaydet","2026-10-01","16:30:00","FALSE","","TRUE","https://iletisim-prog.github.io/gorseller/GUN_041_1930_carousel/gorsel_1.png","https://iletisim-prog.github.io/gorseller/GUN_041_1930_carousel/gorsel_2.png","https://iletisim-prog.github.io/gorseller/GUN_041_1930_carousel/gorsel_3.png","https://iletisim-prog.github.io/gorseller/GUN_041_1930_carousel/gorsel_4.png","https://iletisim-prog.github.io/gorseller/GUN_041_1930_carousel/gorsel_5.png","https://iletisim-prog.github.io/gorseller/GUN_041_1930_carousel/gorsel_6.png","https://iletisim-prog.github.io/gorseller/GUN_041_1930_carousel/gorsel_7.png","","","","POST"
"Günün kavramı: Dürtme (nudge)

Seçenekleri yasaklamadan, seçim ortamını değiştirerek insanları belli bir yöne yönlendirme.

Kafeteryada sağlıklı yiyeceği göz hizasına koymak. Kimseye yasak koymadın, sadece ilk gördükleri şeyi değiştirdin. Kendi hayatında da dene: telefonu şarj için başka odaya koy.

Kaydet, lazım olur.

Zeki Uyanık

#gününkavramı #davranışbilimi #psikoloji #alışkanlık #bilgi","2026-10-01","18:00:00","FALSE","","TRUE","https://iletisim-prog.github.io/gorseller/GUN_042_0830_kavram/gorsel_1.png","","","","","","","","","","POST"
"Bu haftanın 5 kavramı

Kaydet, bir hafta sonra tekrar oku.

1. Tutarlılık ilkesi
2. Beğenme etkisi
3. Mental hesap
4. Mülkiyet etkisi
5. Frekans yanılsaması

Kaydet, aklına gelen birine gönder.

Zeki Uyanık

#haftanın5i #gününkavramı #davranışbilimi #kişiselgelişim #kaydet","2026-10-01","21:30:00","FALSE","","TRUE","https://iletisim-prog.github.io/gorseller/GUN_042_1930_carousel/gorsel_1.png","https://iletisim-prog.github.io/gorseller/GUN_042_1930_carousel/gorsel_2.png","https://iletisim-prog.github.io/gorseller/GUN_042_1930_carousel/gorsel_3.png","https://iletisim-prog.github.io/gorseller/GUN_042_1930_carousel/gorsel_4.png","https://iletisim-prog.github.io/gorseller/GUN_042_1930_carousel/gorsel_5.png","https://iletisim-prog.github.io/gorseller/GUN_042_1930_carousel/gorsel_6.png","https://iletisim-prog.github.io/gorseller/GUN_042_1930_carousel/gorsel_7.png","","","","POST"
"Günün kavramı: Ortalamaya dönüş

Aşırı iyi ya da aşırı kötü bir sonucun ardından, sonucun genellikle normale yaklaşması.

En kötü haftasında yeni bir yöntem deneyen satışçı, ertesi hafta daha iyi satar. Yöntem işe yaradı mı? Belki. Ama belki de sadece kötü haftanın ardından normale dönüş oldu.

Kaydet, lazım olur.

Zeki Uyanık

#gününkavramı #istatistik #işhayatı #verianalizi #bilgi","2026-10-02","10:30:00","FALSE","","TRUE","https://iletisim-prog.github.io/gorseller/GUN_043_0830_kavram/gorsel_1.png","","","","","","","","","","POST"
"Bazı fikirler neden aklımızda kalır?

Kaç kez duyduğun değil, nasıl anlatıldığı önemli.

1. Basit
2. Beklenmedik
3. Somut
4. İnandırıcı
5. Duygusal
6. Hikâye

Kaydet, aklına gelen birine gönder.

Zeki Uyanık

#iletişim #hikayeanlatımı #pazarlama #kişiselgelişim #kaydet","2026-10-02","12:30:00","FALSE","","TRUE","https://iletisim-prog.github.io/gorseller/GUN_043_1930_carousel/gorsel_1.png","https://iletisim-prog.github.io/gorseller/GUN_043_1930_carousel/gorsel_2.png","https://iletisim-prog.github.io/gorseller/GUN_043_1930_carousel/gorsel_3.png","https://iletisim-prog.github.io/gorseller/GUN_043_1930_carousel/gorsel_4.png","https://iletisim-prog.github.io/gorseller/GUN_043_1930_carousel/gorsel_5.png","https://iletisim-prog.github.io/gorseller/GUN_043_1930_carousel/gorsel_6.png","https://iletisim-prog.github.io/gorseller/GUN_043_1930_carousel/gorsel_7.png","https://iletisim-prog.github.io/gorseller/GUN_043_1930_carousel/gorsel_8.png","","","POST"
"Günün kavramı: Simpson paradoksu

Bir veri, gruplara ayrılınca ayrı gruplarda bir yönde, toplamda ise tam tersi yönde görünebilir.

Yeni yöntem, hem küçük hem büyük müşterilerde eskisinden daha iyi sonuç veriyor olabilir. Ama toplamda kötü görünebilir; çünkü müşteri karışımı değişti. Ortalamaya bakmadan önce grupları ayır.

Kaydet, lazım olur.

Zeki Uyanık

#gününkavramı #istatistik #verianalizi #işhayatı #bilgi","2026-10-02","14:30:00","FALSE","","TRUE","https://iletisim-prog.github.io/gorseller/GUN_044_0830_kavram/gorsel_1.png","","","","","","","","","","POST"
"İşini görünür kılmanın 5 dürüst yolu

İyi iş yapmak yetmez. Bilinmesi gerekir.

1. Haftalık kısa özet gönder
2. Başarıyı rakamla anlat
3. Ekibini de an
4. Toplantıda bir kez söz al
5. Bir şeyde bilinen kişi ol

Kaydet, aklına gelen birine gönder.

Zeki Uyanık

#kariyer #işhayatı #terfi #iletişim #kaydet","2026-10-02","16:30:00","FALSE","","TRUE","https://iletisim-prog.github.io/gorseller/GUN_044_1930_carousel/gorsel_1.png","https://iletisim-prog.github.io/gorseller/GUN_044_1930_carousel/gorsel_2.png","https://iletisim-prog.github.io/gorseller/GUN_044_1930_carousel/gorsel_3.png","https://iletisim-prog.github.io/gorseller/GUN_044_1930_carousel/gorsel_4.png","https://iletisim-prog.github.io/gorseller/GUN_044_1930_carousel/gorsel_5.png","https://iletisim-prog.github.io/gorseller/GUN_044_1930_carousel/gorsel_6.png","https://iletisim-prog.github.io/gorseller/GUN_044_1930_carousel/gorsel_7.png","","","","POST"
"Günün kavramı: Korelasyon ≠ nedensellik

İki şeyin birlikte artması, birinin diğerine yol açtığı anlamına gelmez.

Dondurma satışı arttığında boğulma vakaları da artar. Dondurma boğdurmaz; ikisinin ortak nedeni sıcak hava. Bir grafikte iki çizgi paralelse, önce üçüncü bir neden olup olmadığına bak.

Kaydet, lazım olur.

Zeki Uyanık

#gününkavramı #istatistik #eleştirelDüşünme #verianalizi #bilgi","2026-10-02","18:00:00","FALSE","","TRUE","https://iletisim-prog.github.io/gorseller/GUN_045_0830_kavram/gorsel_1.png","","","","","","","","","","POST"
"Kredi çekmeden önce 5 soru

Aylık taksit küçük görünür. Toplam öğrenmeden karar verme.

1. Toplam geri ödeme ne?
2. Faiz sabit mi, değişken mi?
3. Ek masraflar neler?
4. Erken kapatma şartı ne?
5. Taksit gelirimin kaçı?

Kaydet, aklına gelen birine gönder.

Zeki Uyanık

#kişiselfinans #kredi #borç #paraynetimi #kaydet","2026-10-02","21:30:00","FALSE","","TRUE","https://iletisim-prog.github.io/gorseller/GUN_045_1930_carousel/gorsel_1.png","https://iletisim-prog.github.io/gorseller/GUN_045_1930_carousel/gorsel_2.png","https://iletisim-prog.github.io/gorseller/GUN_045_1930_carousel/gorsel_3.png","https://iletisim-prog.github.io/gorseller/GUN_045_1930_carousel/gorsel_4.png","https://iletisim-prog.github.io/gorseller/GUN_045_1930_carousel/gorsel_5.png","https://iletisim-prog.github.io/gorseller/GUN_045_1930_carousel/gorsel_6.png","https://iletisim-prog.github.io/gorseller/GUN_045_1930_carousel/gorsel_7.png","","","","POST"
"Günün kavramı: Duygusal bulaşma

Çevremizdeki insanların ruh halini, farkında olmadan üstlenme eğilimi.

Sabah gergin bir toplantıya girince, sen de gerilmeye başlarsın. Aynı şekilde sakin biri ortama sükûnet getirebilir. Kiminle vakit geçirdiğin, ruh halini etkiler.

Kaydet, lazım olur.

Zeki Uyanık

#gününkavramı #duygular #psikoloji #ilişkiler #bilgi","2026-10-03","10:30:00","FALSE","","TRUE","https://iletisim-prog.github.io/gorseller/GUN_046_0830_kavram/gorsel_1.png","","","","","","","","","","POST"
"Güvenilir bilgiyi ayırt etmenin 5 sorusu

Her şeyi okuyamazsın. Neye güveneceğine karar vermen lazım.

1. Kim söylüyor?
2. Kanıt ne?
3. Çıkarı ne?
4. Karşı görüş ne?
5. Ne zaman yazıldı?

Kaydet, aklına gelen birine gönder.

Zeki Uyanık

#eleştirelDüşünme #medyaokuryazarlığı #kararverme #kişiselgelişim #kaydet","2026-10-03","12:30:00","FALSE","","TRUE","https://iletisim-prog.github.io/gorseller/GUN_046_1930_carousel/gorsel_1.png","https://iletisim-prog.github.io/gorseller/GUN_046_1930_carousel/gorsel_2.png","https://iletisim-prog.github.io/gorseller/GUN_046_1930_carousel/gorsel_3.png","https://iletisim-prog.github.io/gorseller/GUN_046_1930_carousel/gorsel_4.png","https://iletisim-prog.github.io/gorseller/GUN_046_1930_carousel/gorsel_5.png","https://iletisim-prog.github.io/gorseller/GUN_046_1930_carousel/gorsel_6.png","https://iletisim-prog.github.io/gorseller/GUN_046_1930_carousel/gorsel_7.png","","","","POST"
"Günün kavramı: Aşırı güven

Kendi bilgimize, tahminlerimize ve becerimize gerçekte olduğundan daha çok güvenme eğilimi.

“Bu projeyi 2 haftada bitiririm” diyenlerin çoğu, benzer projeleri geçmişte daha uzun sürede bitirdi. Tahminini yaptıktan sonra sor: Benzer işler gerçekte ne kadar sürdü?

Kaydet, lazım olur.

Zeki Uyanık

#gününkavramı #davranışbilimi #psikoloji #kararverme #bilgi","2026-10-03","14:30:00","FALSE","","TRUE","https://iletisim-prog.github.io/gorseller/GUN_047_0830_kavram/gorsel_1.png","","","","","","","","","","POST"
"Kiralık ev bakarken 8 kontrol

Fotoğrafta güzel görünen, yaşarken sorun çıkarabilir.

1. Nem ve rutubet
2. Isıtma ve yalıtım
3. İnternet altyapısı
4. Ses ve komşuluk
5. Ulaşım
6. Aidat ve faturalar
7. Depozito ve artış maddesi
8. Güncel durumu fotoğrafla

Kaydet, aklına gelen birine gönder.

Zeki Uyanık

#kiralıkev #taşınma #kontrolistesi #günlükhayat #kaydet","2026-10-03","16:30:00","FALSE","","TRUE","https://iletisim-prog.github.io/gorseller/GUN_047_1930_carousel/gorsel_1.png","https://iletisim-prog.github.io/gorseller/GUN_047_1930_carousel/gorsel_2.png","https://iletisim-prog.github.io/gorseller/GUN_047_1930_carousel/gorsel_3.png","https://iletisim-prog.github.io/gorseller/GUN_047_1930_carousel/gorsel_4.png","https://iletisim-prog.github.io/gorseller/GUN_047_1930_carousel/gorsel_5.png","https://iletisim-prog.github.io/gorseller/GUN_047_1930_carousel/gorsel_6.png","https://iletisim-prog.github.io/gorseller/GUN_047_1930_carousel/gorsel_7.png","https://iletisim-prog.github.io/gorseller/GUN_047_1930_carousel/gorsel_8.png","https://iletisim-prog.github.io/gorseller/GUN_047_1930_carousel/gorsel_9.png","https://iletisim-prog.github.io/gorseller/GUN_047_1930_carousel/gorsel_10.png","POST"
"Günün kavramı: Bulunabilirlik sezgisi

Aklımıza kolay gelen örnekleri, gerçekte daha sık olduğunu sanırız.

Uçak kazası haberini sık duyduğun için uçmayı tehlikeli sanırsın; oysa araba kullanmak genellikle daha risklidir. Kolay hatırlanan, sık olan demek değildir.

Kaydet, lazım olur.

Zeki Uyanık

#gününkavramı #davranışbilimi #psikoloji #risk #bilgi","2026-10-03","18:00:00","FALSE","","TRUE","https://iletisim-prog.github.io/gorseller/GUN_048_0830_kavram/gorsel_1.png","","","","","","","","","","POST"
"Dijital karanlık desenler: 5 tuzak

Bazı ekranlar seni kasten yanlış tıklatmak için tasarlanır.

1. Sahte geri sayım
2. Utandırma
3. Gizli maliyet
4. Zor iptal
5. Önceden işaretli kutular

Kaydet, aklına gelen birine gönder.

Zeki Uyanık

#tüketici #dijitalokuryazarlık #alışveriş #pazarlama #kaydet","2026-10-03","21:30:00","FALSE","","TRUE","https://iletisim-prog.github.io/gorseller/GUN_048_1930_carousel/gorsel_1.png","https://iletisim-prog.github.io/gorseller/GUN_048_1930_carousel/gorsel_2.png","https://iletisim-prog.github.io/gorseller/GUN_048_1930_carousel/gorsel_3.png","https://iletisim-prog.github.io/gorseller/GUN_048_1930_carousel/gorsel_4.png","https://iletisim-prog.github.io/gorseller/GUN_048_1930_carousel/gorsel_5.png","https://iletisim-prog.github.io/gorseller/GUN_048_1930_carousel/gorsel_6.png","https://iletisim-prog.github.io/gorseller/GUN_048_1930_carousel/gorsel_7.png","","","","POST"
"Günün kavramı: Küçük sayılar yasası

Küçük bir örnekten çıkarılan sonucun, tüm gruba uyacağını varsaymak.

Üç müşteri aynı şikâyeti yaptı diye ürünü değiştirmek. Belki sorun gerçek; ama belki de 3 kişi sadece rastlantı. Karar vermeden önce örneği genişlet.

Kaydet, lazım olur.

Zeki Uyanık

#gününkavramı #istatistik #işhayatı #kararverme #bilgi","2026-10-04","10:30:00","FALSE","","TRUE","https://iletisim-prog.github.io/gorseller/GUN_049_0830_kavram/gorsel_1.png","","","","","","","","","","POST"
"Bu haftanın 5 kavramı

Kaydet, bir hafta sonra tekrar oku.

1. Ortalamaya dönüş
2. Simpson paradoksu
3. Korelasyon ≠ nedensellik
4. Aşırı güven
5. Bulunabilirlik sezgisi

Kaydet, aklına gelen birine gönder.

Zeki Uyanık

#haftanın5i #gününkavramı #davranışbilimi #kişiselgelişim #kaydet","2026-10-04","12:30:00","FALSE","","TRUE","https://iletisim-prog.github.io/gorseller/GUN_049_1930_carousel/gorsel_1.png","https://iletisim-prog.github.io/gorseller/GUN_049_1930_carousel/gorsel_2.png","https://iletisim-prog.github.io/gorseller/GUN_049_1930_carousel/gorsel_3.png","https://iletisim-prog.github.io/gorseller/GUN_049_1930_carousel/gorsel_4.png","https://iletisim-prog.github.io/gorseller/GUN_049_1930_carousel/gorsel_5.png","https://iletisim-prog.github.io/gorseller/GUN_049_1930_carousel/gorsel_6.png","https://iletisim-prog.github.io/gorseller/GUN_049_1930_carousel/gorsel_7.png","","","","POST"
"Günün kavramı: Odak yanılgısı

Bir şeyi düşünürken, hayatımız üzerindeki etkisini olduğundan büyük görme eğilimi.

Daha büyük bir eve taşınınca mutluluğunun ciddi biçimde artacağını sanırsın. Oysa günlük hayatta o evi sürekli düşünmezsin. Yeni durumun ilk heyecanı geçince yine günlük işlere odaklanırsın.

Kaydet, lazım olur.

Zeki Uyanık

#gününkavramı #davranışbilimi #psikoloji #mutluluk #bilgi","2026-10-04","14:30:00","FALSE","","TRUE","https://iletisim-prog.github.io/gorseller/GUN_050_0830_kavram/gorsel_1.png","","","","","","","","","","POST"
"Endişeli zihni sakinleştirmenin 5 yolu

Genel bilgidir, tıbbi tavsiye değildir.

1. Endişe için saat ayır
2. Yaz
3. Üç senaryo düşün
4. Kontrol edebildiğini ayır
5. Bir küçük adım at

Kaydet, aklına gelen birine gönder.

Zeki Uyanık

#kaygı #zihinselsağlık #psikoloji #kişiselgelişim #kaydet","2026-10-04","16:30:00","FALSE","","TRUE","https://iletisim-prog.github.io/gorseller/GUN_050_1930_carousel/gorsel_1.png","https://iletisim-prog.github.io/gorseller/GUN_050_1930_carousel/gorsel_2.png","https://iletisim-prog.github.io/gorseller/GUN_050_1930_carousel/gorsel_3.png","https://iletisim-prog.github.io/gorseller/GUN_050_1930_carousel/gorsel_4.png","https://iletisim-prog.github.io/gorseller/GUN_050_1930_carousel/gorsel_5.png","https://iletisim-prog.github.io/gorseller/GUN_050_1930_carousel/gorsel_6.png","https://iletisim-prog.github.io/gorseller/GUN_050_1930_carousel/gorsel_7.png","","","","POST"
"Günün kavramı: İki dakika kuralı

Yeni bir alışkanlığı, iki dakikadan kısa süren bir versiyonla başlatmak.

‘Bir saat spor yapacağım’ yerine ‘spor kıyafetimi giyeceğim.’ Başlamak, işin en zor kısmıdır. Başladıktan sonra devam etmek çoğu zaman kolaylaşır.

Kaydet, lazım olur.

Zeki Uyanık

#gününkavramı #alışkanlık #motivasyon #kişiselgelişim #bilgi","2026-10-04","18:00:00","FALSE","","TRUE","https://iletisim-prog.github.io/gorseller/GUN_051_0830_kavram/gorsel_1.png","","","","","","","","","","POST"
"İyi bir yöneticinin 5 alışkanlığı

Google’ın yıllar süren yönetici araştırmasından çıkan davranışlar.

1. İyi bir koçtur
2. Ekibi yetkilendirir
3. İlgi gösterir
4. Net bir vizyonu vardır
5. İyi bir iletişimcidir

Kaydet, aklına gelen birine gönder.

Zeki Uyanık

#liderlik #yönetici #işhayatı #kariyer #kaydet","2026-10-04","21:30:00","FALSE","","TRUE","https://iletisim-prog.github.io/gorseller/GUN_051_1930_carousel/gorsel_1.png","https://iletisim-prog.github.io/gorseller/GUN_051_1930_carousel/gorsel_2.png","https://iletisim-prog.github.io/gorseller/GUN_051_1930_carousel/gorsel_3.png","https://iletisim-prog.github.io/gorseller/GUN_051_1930_carousel/gorsel_4.png","https://iletisim-prog.github.io/gorseller/GUN_051_1930_carousel/gorsel_5.png","https://iletisim-prog.github.io/gorseller/GUN_051_1930_carousel/gorsel_6.png","https://iletisim-prog.github.io/gorseller/GUN_051_1930_carousel/gorsel_7.png","","","","POST"
"Günün kavramı: Değişken ödül

Ödülün ne zaman geleceğini bilmediğimizde, o davranışı daha çok tekrarlarız.

Sosyal medyayı kaydırırken bazen ilginç bir şey çıkar, çoğu zaman çıkmaz. Ne zaman çıkacağı belli olmadığı için “bir kez daha” deriz. Aynı mantık slot makinelerinde de çalışır.

Kaydet, lazım olur.

Zeki Uyanık

#gününkavramı #davranışbilimi #psikoloji #sosyalmedya #bilgi","2026-10-05","10:30:00","FALSE","","TRUE","https://iletisim-prog.github.io/gorseller/GUN_052_0830_kavram/gorsel_1.png","","","","","","","","","","POST"
"Paranın nereye gittiğini bulmanın 5 adımı

Bulamadığın para, genellikle küçük harcamaların toplamıdır.

1. Son 30 günün harcamasını çek
2. Kategorilere ayır
3. En büyük 3 kalemi işaretle
4. Beklemediğin bir harcama var mı?
5. Tek bir değişiklik seç

Kaydet, aklına gelen birine gönder.

Zeki Uyanık

#kişiselfinans #bütçe #tasarruf #paraynetimi #kaydet","2026-10-05","12:30:00","FALSE","","TRUE","https://iletisim-prog.github.io/gorseller/GUN_052_1930_carousel/gorsel_1.png","https://iletisim-prog.github.io/gorseller/GUN_052_1930_carousel/gorsel_2.png","https://iletisim-prog.github.io/gorseller/GUN_052_1930_carousel/gorsel_3.png","https://iletisim-prog.github.io/gorseller/GUN_052_1930_carousel/gorsel_4.png","https://iletisim-prog.github.io/gorseller/GUN_052_1930_carousel/gorsel_5.png","https://iletisim-prog.github.io/gorseller/GUN_052_1930_carousel/gorsel_6.png","https://iletisim-prog.github.io/gorseller/GUN_052_1930_carousel/gorsel_7.png","","","","POST"
"Günün kavramı: Bilişsel yük

Zihnin aynı anda işleyebileceği bilgi miktarının bir sınırı vardır. Fazlası performansı düşürür.

Aynı anda beş sekme, üç bildirim ve bir toplantı: hepsinde yarım kalırsın. Çözüm: bir seferde tek iş, gerisini bir kâğıda ya da listeye boşalt.

Kaydet, lazım olur.

Zeki Uyanık

#gününkavramı #verimlilik #psikoloji #işhayatı #bilgi","2026-10-05","14:30:00","FALSE","","TRUE","https://iletisim-prog.github.io/gorseller/GUN_053_0830_kavram/gorsel_1.png","","","","","","","","","","POST"
"Karar günlüğü tutmak: 5 satır yeter

Geçmişte ne düşündüğünü hatırlamak, ileride daha iyi karar vermeni sağlar.

1. Karar ne?
2. Neden?
3. Ne bekliyorum?
4. Ne kadar eminim?
5. Tarih koy, sonra dön

Kaydet, aklına gelen birine gönder.

Zeki Uyanık

#kararverme #zihin #kişiselgelişim #karargünlüğü #kaydet","2026-10-05","16:30:00","FALSE","","TRUE","https://iletisim-prog.github.io/gorseller/GUN_053_1930_carousel/gorsel_1.png","https://iletisim-prog.github.io/gorseller/GUN_053_1930_carousel/gorsel_2.png","https://iletisim-prog.github.io/gorseller/GUN_053_1930_carousel/gorsel_3.png","https://iletisim-prog.github.io/gorseller/GUN_053_1930_carousel/gorsel_4.png","https://iletisim-prog.github.io/gorseller/GUN_053_1930_carousel/gorsel_5.png","https://iletisim-prog.github.io/gorseller/GUN_053_1930_carousel/gorsel_6.png","https://iletisim-prog.github.io/gorseller/GUN_053_1930_carousel/gorsel_7.png","","","","POST"
"Günün kavramı: Derin çalışma

Dikkatin dağılmadan, zihinsel olarak zorlayıcı bir işe uzun süre odaklanabilme.

Telefon kapalı, bildirimler sessiz, tek bir görev: 90 dakika. Bilgisayar bilimcisi Cal Newport, bunu değerli işlerin temeli olarak anlattı. İyi işin yarısı, kesintisiz süredir.

Kaydet, lazım olur.

Zeki Uyanık

#gününkavramı #verimlilik #odak #işhayatı #bilgi","2026-10-05","18:00:00","FALSE","","TRUE","https://iletisim-prog.github.io/gorseller/GUN_054_0830_kavram/gorsel_1.png","","","","","","","","","","POST"
"Pazar akşamı huzursuzluğu için 6 madde

Hafta başı kaygısını azaltmanın küçük yolları.

1. Pazartesinin ilk işini belirle
2. Çantayı ve kıyafeti hazırla
3. E-postalara akşam bakma
4. Bir şey bekle
5. Hafta sonunu son dakikaya bırakma
6. Erken yat

Kaydet, aklına gelen birine gönder.

Zeki Uyanık

#pazartesi #hafta #zihinselsağlık #kişiselgelişim #kaydet","2026-10-05","21:30:00","FALSE","","TRUE","https://iletisim-prog.github.io/gorseller/GUN_054_1930_carousel/gorsel_1.png","https://iletisim-prog.github.io/gorseller/GUN_054_1930_carousel/gorsel_2.png","https://iletisim-prog.github.io/gorseller/GUN_054_1930_carousel/gorsel_3.png","https://iletisim-prog.github.io/gorseller/GUN_054_1930_carousel/gorsel_4.png","https://iletisim-prog.github.io/gorseller/GUN_054_1930_carousel/gorsel_5.png","https://iletisim-prog.github.io/gorseller/GUN_054_1930_carousel/gorsel_6.png","https://iletisim-prog.github.io/gorseller/GUN_054_1930_carousel/gorsel_7.png","https://iletisim-prog.github.io/gorseller/GUN_054_1930_carousel/gorsel_8.png","","","POST"
"Günün kavramı: İki düşünme sistemi

Hızlı, otomatik, sezgisel düşünme (Sistem 1) ve yavaş, çabalı, analitik düşünme (Sistem 2).

2 + 2 kaç? Sistem 1 anında cevap verir. 17 × 24? Sistem 2’yi çalıştırman gerekir. Kararlarımızın çoğu Sistem 1’le verilir; önemli olanlarda yavaşlamak gerekir. Kavram, Daniel Kahneman’a ait.

Kaydet, lazım olur.

Zeki Uyanık

#gününkavramı #davranışbilimi #kararverme #psikoloji #bilgi","2026-10-06","10:30:00","FALSE","","TRUE","https://iletisim-prog.github.io/gorseller/GUN_055_0830_kavram/gorsel_1.png","","","","","","","","","","POST"
"Etikette gördüğün 5 ifade

“Doğal”, “katkısız”, “yağsız” her yerde aynı anlama gelmez.

1. “Doğal”
2. “Katkısız”
3. “Yağsız / şekersiz”
4. “%100”
5. Kural

Kaydet, aklına gelen birine gönder.

Zeki Uyanık

#tüketici #etiket #bilinçlitüketim #pazarlama #kaydet","2026-10-06","12:30:00","FALSE","","TRUE","https://iletisim-prog.github.io/gorseller/GUN_055_1930_carousel/gorsel_1.png","https://iletisim-prog.github.io/gorseller/GUN_055_1930_carousel/gorsel_2.png","https://iletisim-prog.github.io/gorseller/GUN_055_1930_carousel/gorsel_3.png","https://iletisim-prog.github.io/gorseller/GUN_055_1930_carousel/gorsel_4.png","https://iletisim-prog.github.io/gorseller/GUN_055_1930_carousel/gorsel_5.png","https://iletisim-prog.github.io/gorseller/GUN_055_1930_carousel/gorsel_6.png","https://iletisim-prog.github.io/gorseller/GUN_055_1930_carousel/gorsel_7.png","","","","POST"